{"cameraMode":{"drawMode":0,"name":"Shaded","section":"Shading Mode"},"sceneLighting":false,"audioPlay":false,"sceneViewState":{"m_AlwaysRefresh":false,"showFog":true,"showSkybox":true,"showFlares":true,"showImageEffects":true,"showParticleSystems":true,"showVisualEffectGraphs":true,"m_FxEnabled":true},"in2DMode":false,"pivot":{"x":0.3239300549030304,"y":0.9219071865081787,"z":-0.704413652420044},"rotation":{"x":0.00398387061432004,"y":0.994396448135376,"z":-0.04060323163866997,"w":0.09756411612033844},"size":1.9222447872161866,"orthographic":false}