{"cameraMode":{"drawMode":0,"name":"Shaded","section":"Shading Mode"},"sceneLighting":false,"audioPlay":false,"sceneViewState":{"showFog":true,"showMaterialUpdate":false,"showSkybox":true,"showFlares":true,"showImageEffects":true,"showParticleSystems":true},"in2DMode":false,"pivot":{"x":55.57261657714844,"y":1118.117919921875,"z":-193.58810424804688},"rotation":{"x":-0.07513092458248139,"y":0.8189642429351807,"z":-0.11024409532546997,"w":-0.5581212043762207},"size":0.7792251706123352,"orthographic":false}